{
    "S1213": {
        "model_params": [
            [
                0,
                2,
                1
            ],
            [
                0,
                0,
                1,
                12
            ]
        ],
        "best_aic": 417.7891032228945,
        "best_regressors": null
    },
    "RedundantThrowsDeclarationCheck": {
        "model_params": [
            [
                0,
                1,
                0
            ],
            [
                0,
                0,
                0,
                12
            ]
        ],
        "best_aic": 579.4713847584627,
        "best_regressors": null
    },
    "S00117": {
        "model_params": [
            [
                0,
                2,
                1
            ],
            [
                0,
                0,
                0,
                12
            ]
        ],
        "best_aic": 337.2073297162321,
        "best_regressors": null
    },
    "S00122": {
        "model_params": [
            [
                2,
                1,
                2
            ],
            [
                0,
                0,
                0,
                12
            ]
        ],
        "best_aic": 76.1840372467405,
        "best_regressors": null
    },
    "S1488": {
        "model_params": [
            [
                0,
                2,
                1
            ],
            [
                0,
                0,
                0,
                12
            ]
        ],
        "best_aic": 391.9430236578176,
        "best_regressors": null
    },
    "S1905": {
        "model_params": [
            [
                0,
                2,
                1
            ],
            [
                0,
                0,
                0,
                12
            ]
        ],
        "best_aic": 402.01242040405157,
        "best_regressors": null
    },
    "UselessImportCheck": {
        "model_params": [
            [
                0,
                1,
                0
            ],
            [
                0,
                0,
                0,
                12
            ]
        ],
        "best_aic": 443.29813822794716,
        "best_regressors": null
    },
    "DuplicatedBlocks": {
        "model_params": [
            [
                0,
                2,
                1
            ],
            [
                0,
                0,
                0,
                12
            ]
        ],
        "best_aic": 600.3887339961524,
        "best_regressors": null
    },
    "S1226": {
        "model_params": [
            [
                0,
                1,
                1
            ],
            [
                0,
                0,
                0,
                12
            ]
        ],
        "best_aic": 427.0861830992747,
        "best_regressors": null
    },
    "S00112": {
        "model_params": [
            [
                1,
                2,
                0
            ],
            [
                0,
                0,
                0,
                12
            ]
        ],
        "best_aic": 462.374374558847,
        "best_regressors": null
    },
    "S1155": {
        "model_params": [
            [
                0,
                2,
                1
            ],
            [
                0,
                0,
                0,
                12
            ]
        ],
        "best_aic": 256.9233398397314,
        "best_regressors": null
    },
    "S00108": {
        "model_params": [
            [
                4,
                2,
                0
            ],
            [
                0,
                0,
                0,
                12
            ]
        ],
        "best_aic": 199.40425864627545,
        "best_regressors": null
    },
    "S1151": {
        "model_params": [
            [
                1,
                0,
                0
            ],
            [
                0,
                0,
                1,
                12
            ]
        ],
        "best_aic": 125.93820297983989,
        "best_regressors": null
    },
    "S1132": {
        "model_params": [
            [
                0,
                1,
                0
            ],
            [
                0,
                0,
                0,
                12
            ]
        ],
        "best_aic": 404.6214934642603,
        "best_regressors": null
    },
    "S1481": {
        "model_params": [
            [
                0,
                1,
                0
            ],
            [
                0,
                0,
                0,
                12
            ]
        ],
        "best_aic": 306.4822654396421,
        "best_regressors": null
    }
}