{
    "S1213": {
        "model_params": [
            [
                0,
                2,
                1
            ],
            [
                0,
                0,
                0,
                12
            ]
        ],
        "best_aic": 402.3756069916016,
        "best_regressors": null
    },
    "RedundantThrowsDeclarationCheck": {
        "model_params": [
            [
                0,
                2,
                1
            ],
            [
                0,
                0,
                1,
                12
            ]
        ],
        "best_aic": 362.558566694472,
        "best_regressors": null
    },
    "S00117": {
        "model_params": [
            [
                0,
                2,
                1
            ],
            [
                0,
                0,
                1,
                12
            ]
        ],
        "best_aic": 373.70209558049464,
        "best_regressors": null
    },
    "S00122": {
        "model_params": [
            [
                0,
                2,
                1
            ],
            [
                0,
                0,
                1,
                12
            ]
        ],
        "best_aic": 428.1784347333019,
        "best_regressors": null
    },
    "S1488": {
        "model_params": [
            [
                0,
                2,
                1
            ],
            [
                0,
                0,
                1,
                12
            ]
        ],
        "best_aic": 305.99755473869203,
        "best_regressors": null
    },
    "S1905": {
        "model_params": [
            [
                0,
                1,
                0
            ],
            [
                0,
                0,
                0,
                12
            ]
        ],
        "best_aic": 225.24802834999574,
        "best_regressors": null
    },
    "UselessImportCheck": {
        "model_params": [
            [
                3,
                2,
                0
            ],
            [
                0,
                0,
                0,
                12
            ]
        ],
        "best_aic": 296.3577847251148,
        "best_regressors": null
    },
    "DuplicatedBlocks": {
        "model_params": [
            [
                3,
                2,
                0
            ],
            [
                1,
                0,
                0,
                12
            ]
        ],
        "best_aic": 449.8868014909822,
        "best_regressors": null
    },
    "S1226": {
        "model_params": [
            [
                2,
                2,
                0
            ],
            [
                0,
                0,
                0,
                12
            ]
        ],
        "best_aic": 401.60263609919144,
        "best_regressors": null
    },
    "S00112": {
        "model_params": [
            [
                0,
                2,
                1
            ],
            [
                1,
                0,
                0,
                12
            ]
        ],
        "best_aic": 379.56852136409407,
        "best_regressors": null
    },
    "S1155": {
        "model_params": [
            [
                0,
                2,
                1
            ],
            [
                0,
                0,
                1,
                12
            ]
        ],
        "best_aic": 245.98738634920684,
        "best_regressors": null
    },
    "S00108": {
        "model_params": [
            [
                0,
                2,
                1
            ],
            [
                0,
                0,
                0,
                12
            ]
        ],
        "best_aic": 304.64237653114947,
        "best_regressors": null
    },
    "S1151": {
        "model_params": [
            [
                0,
                2,
                1
            ],
            [
                2,
                0,
                0,
                12
            ]
        ],
        "best_aic": 343.7621883914615,
        "best_regressors": null
    },
    "S1132": {
        "model_params": [
            [
                0,
                2,
                1
            ],
            [
                0,
                0,
                1,
                12
            ]
        ],
        "best_aic": 412.8678380732584,
        "best_regressors": null
    },
    "S1481": {
        "model_params": [
            [
                1,
                2,
                0
            ],
            [
                0,
                0,
                0,
                12
            ]
        ],
        "best_aic": 311.47866572748745,
        "best_regressors": null
    }
}