{
    "S1213": {
        "model_params": [
            [
                0,
                1,
                0
            ],
            [
                0,
                0,
                0,
                12
            ]
        ],
        "best_aic": 1246.3986005683978,
        "best_regressors": null
    },
    "RedundantThrowsDeclarationCheck": {
        "model_params": [
            [
                1,
                0,
                0
            ],
            [
                0,
                0,
                0,
                12
            ]
        ],
        "best_aic": 723.7790541776341,
        "best_regressors": null
    },
    "S00117": {
        "model_params": [
            [
                0,
                1,
                0
            ],
            [
                1,
                0,
                0,
                12
            ]
        ],
        "best_aic": 655.0675697269751,
        "best_regressors": null
    },
    "S00122": {
        "model_params": [
            [
                0,
                1,
                0
            ],
            [
                0,
                0,
                0,
                12
            ]
        ],
        "best_aic": 1020.4123883629194,
        "best_regressors": null
    },
    "S1488": {
        "model_params": [
            [
                2,
                0,
                0
            ],
            [
                0,
                0,
                0,
                12
            ]
        ],
        "best_aic": 629.9727953645387,
        "best_regressors": null
    },
    "S1905": {
        "model_params": [
            [
                1,
                0,
                2
            ],
            [
                0,
                0,
                0,
                12
            ]
        ],
        "best_aic": 746.1988396479987,
        "best_regressors": null
    },
    "UselessImportCheck": {
        "model_params": [
            [
                2,
                1,
                2
            ],
            [
                0,
                0,
                0,
                12
            ]
        ],
        "best_aic": 861.8179737308413,
        "best_regressors": null
    },
    "DuplicatedBlocks": {
        "model_params": [
            [
                0,
                1,
                0
            ],
            [
                0,
                0,
                0,
                12
            ]
        ],
        "best_aic": 1031.3361840434586,
        "best_regressors": null
    },
    "S1226": {
        "model_params": [
            [
                0,
                1,
                0
            ],
            [
                0,
                0,
                0,
                12
            ]
        ],
        "best_aic": 768.312419754735,
        "best_regressors": null
    },
    "S00112": {
        "model_params": [
            [
                0,
                1,
                0
            ],
            [
                0,
                0,
                0,
                12
            ]
        ],
        "best_aic": 283.77709137434675,
        "best_regressors": null
    },
    "S1155": {
        "model_params": [
            [
                2,
                1,
                0
            ],
            [
                0,
                0,
                0,
                12
            ]
        ],
        "best_aic": 455.0377766240658,
        "best_regressors": null
    },
    "S00108": {
        "model_params": [
            [
                2,
                1,
                0
            ],
            [
                0,
                0,
                0,
                12
            ]
        ],
        "best_aic": 995.171699650056,
        "best_regressors": null
    },
    "S1151": {
        "model_params": [
            [
                0,
                1,
                0
            ],
            [
                0,
                0,
                0,
                12
            ]
        ],
        "best_aic": 477.91616675466145,
        "best_regressors": null
    },
    "S1132": {
        "model_params": [
            [
                0,
                1,
                0
            ],
            [
                0,
                0,
                0,
                12
            ]
        ],
        "best_aic": 523.7928530030965,
        "best_regressors": null
    },
    "S1481": {
        "model_params": [
            [
                1,
                1,
                0
            ],
            [
                1,
                0,
                0,
                12
            ]
        ],
        "best_aic": 672.0449054915315,
        "best_regressors": null
    }
}