{
    "S1213": {
        "model_params": [
            [
                1,
                1,
                0
            ],
            [
                0,
                0,
                1,
                12
            ]
        ],
        "best_aic": 1244.986923769149,
        "best_regressors": null
    },
    "RedundantThrowsDeclarationCheck": {
        "model_params": [
            [
                1,
                1,
                0
            ],
            [
                1,
                0,
                0,
                12
            ]
        ],
        "best_aic": 1035.751958608127,
        "best_regressors": null
    },
    "S00117": {
        "model_params": [
            [
                0,
                1,
                0
            ],
            [
                0,
                0,
                0,
                12
            ]
        ],
        "best_aic": 1014.6430733778296,
        "best_regressors": null
    },
    "S00122": {
        "model_params": [
            [
                0,
                0,
                0
            ],
            [
                0,
                0,
                0,
                12
            ]
        ],
        "best_aic": -2752.436602259045,
        "best_regressors": null
    },
    "S1488": {
        "model_params": [
            [
                2,
                1,
                2
            ],
            [
                0,
                0,
                1,
                12
            ]
        ],
        "best_aic": 326.84081949166057,
        "best_regressors": null
    },
    "S1905": {
        "model_params": [
            [
                0,
                0,
                0
            ],
            [
                0,
                0,
                0,
                12
            ]
        ],
        "best_aic": -2752.436602259045,
        "best_regressors": null
    },
    "UselessImportCheck": {
        "model_params": [
            [
                2,
                1,
                2
            ],
            [
                1,
                0,
                0,
                12
            ]
        ],
        "best_aic": 771.0390968718289,
        "best_regressors": null
    },
    "DuplicatedBlocks": {
        "model_params": [
            [
                2,
                1,
                2
            ],
            [
                0,
                0,
                0,
                12
            ]
        ],
        "best_aic": 1524.5529450146605,
        "best_regressors": null
    },
    "S1226": {
        "model_params": [
            [
                1,
                1,
                1
            ],
            [
                1,
                0,
                1,
                12
            ]
        ],
        "best_aic": 956.3350665672696,
        "best_regressors": null
    },
    "S00112": {
        "model_params": [
            [
                0,
                1,
                0
            ],
            [
                0,
                0,
                0,
                12
            ]
        ],
        "best_aic": 785.6623805191658,
        "best_regressors": null
    },
    "S1155": {
        "model_params": [
            [
                1,
                1,
                0
            ],
            [
                0,
                0,
                1,
                12
            ]
        ],
        "best_aic": 678.5340369496621,
        "best_regressors": null
    },
    "S00108": {
        "model_params": [
            [
                0,
                1,
                2
            ],
            [
                0,
                0,
                0,
                12
            ]
        ],
        "best_aic": -52.5491075292057,
        "best_regressors": null
    },
    "S1151": {
        "model_params": [
            [
                2,
                0,
                2
            ],
            [
                0,
                0,
                1,
                12
            ]
        ],
        "best_aic": 348.6571107955409,
        "best_regressors": null
    },
    "S1132": {
        "model_params": [
            [
                0,
                1,
                1
            ],
            [
                0,
                0,
                1,
                12
            ]
        ],
        "best_aic": 1210.8574768902968,
        "best_regressors": null
    },
    "S1481": {
        "model_params": [
            [
                1,
                1,
                2
            ],
            [
                0,
                0,
                1,
                12
            ]
        ],
        "best_aic": 1110.9916695835395,
        "best_regressors": null
    }
}