{
    "S1213": {
        "model_params": [
            [
                2,
                1,
                2
            ],
            [
                0,
                0,
                2,
                12
            ]
        ],
        "best_aic": 790.764671459138,
        "best_regressors": null
    },
    "RedundantThrowsDeclarationCheck": {
        "model_params": [
            [
                2,
                0,
                0
            ],
            [
                0,
                0,
                0,
                12
            ]
        ],
        "best_aic": 430.53461276584113,
        "best_regressors": null
    },
    "S00117": {
        "model_params": [
            [
                0,
                1,
                1
            ],
            [
                0,
                0,
                1,
                12
            ]
        ],
        "best_aic": 336.35593199112554,
        "best_regressors": null
    },
    "S00122": {
        "model_params": [
            [
                2,
                0,
                0
            ],
            [
                0,
                0,
                0,
                12
            ]
        ],
        "best_aic": 253.548117723145,
        "best_regressors": null
    },
    "S1488": {
        "model_params": [
            [
                0,
                1,
                0
            ],
            [
                0,
                0,
                0,
                12
            ]
        ],
        "best_aic": 198.12162486142876,
        "best_regressors": null
    },
    "S1905": {
        "model_params": [
            [
                4,
                1,
                4
            ],
            [
                2,
                0,
                0,
                12
            ]
        ],
        "best_aic": 178.9121211440019,
        "best_regressors": null
    },
    "UselessImportCheck": {
        "model_params": [
            [
                1,
                1,
                1
            ],
            [
                0,
                0,
                0,
                12
            ]
        ],
        "best_aic": 470.36074241791545,
        "best_regressors": null
    },
    "DuplicatedBlocks": {
        "model_params": [
            [
                0,
                1,
                1
            ],
            [
                0,
                0,
                0,
                12
            ]
        ],
        "best_aic": 380.2788141039492,
        "best_regressors": null
    },
    "S1226": {
        "model_params": [
            [
                3,
                0,
                1
            ],
            [
                0,
                0,
                0,
                12
            ]
        ],
        "best_aic": 684.0984848346383,
        "best_regressors": null
    },
    "S00112": {
        "model_params": [
            [
                0,
                1,
                0
            ],
            [
                0,
                0,
                0,
                12
            ]
        ],
        "best_aic": 662.9993445383252,
        "best_regressors": null
    },
    "S1155": {
        "model_params": [
            [
                1,
                1,
                1
            ],
            [
                0,
                0,
                0,
                12
            ]
        ],
        "best_aic": 171.87024078985388,
        "best_regressors": null
    },
    "S00108": {
        "model_params": [
            [
                1,
                1,
                0
            ],
            [
                0,
                0,
                0,
                12
            ]
        ],
        "best_aic": 673.9490207746618,
        "best_regressors": null
    },
    "S1151": {
        "model_params": [
            [
                2,
                1,
                1
            ],
            [
                0,
                0,
                0,
                12
            ]
        ],
        "best_aic": -28.25409382531442,
        "best_regressors": null
    },
    "S1132": {
        "model_params": [
            [
                0,
                1,
                0
            ],
            [
                0,
                0,
                0,
                12
            ]
        ],
        "best_aic": 416.1156540361968,
        "best_regressors": null
    },
    "S1481": {
        "model_params": [
            [
                2,
                1,
                0
            ],
            [
                0,
                0,
                0,
                12
            ]
        ],
        "best_aic": 410.81910085127606,
        "best_regressors": null
    }
}