{
    "S1213": {
        "model_params": [
            [
                1,
                0,
                0
            ],
            [
                0,
                0,
                0,
                12
            ]
        ],
        "best_aic": 298.5193599948663,
        "best_regressors": null
    },
    "RedundantThrowsDeclarationCheck": {
        "model_params": [
            [
                0,
                1,
                0
            ],
            [
                0,
                0,
                0,
                12
            ]
        ],
        "best_aic": -197.17944934063502,
        "best_regressors": null
    },
    "S00117": {
        "model_params": [
            [
                0,
                1,
                0
            ],
            [
                0,
                0,
                0,
                12
            ]
        ],
        "best_aic": -122.31955385572269,
        "best_regressors": null
    },
    "S00122": {
        "model_params": [
            [
                0,
                0,
                2
            ],
            [
                0,
                0,
                0,
                12
            ]
        ],
        "best_aic": -43.7735627557549,
        "best_regressors": null
    },
    "S1488": {
        "model_params": [
            [
                2,
                0,
                1
            ],
            [
                0,
                0,
                0,
                12
            ]
        ],
        "best_aic": -329.5144569730916,
        "best_regressors": null
    },
    "S1905": {
        "model_params": [
            [
                0,
                0,
                0
            ],
            [
                0,
                0,
                0,
                12
            ]
        ],
        "best_aic": -2307.4891511248916,
        "best_regressors": null
    },
    "UselessImportCheck": {
        "model_params": [
            [
                2,
                0,
                1
            ],
            [
                0,
                0,
                0,
                12
            ]
        ],
        "best_aic": 220.03755938698689,
        "best_regressors": null
    },
    "DuplicatedBlocks": {
        "model_params": [
            [
                2,
                0,
                1
            ],
            [
                0,
                0,
                0,
                12
            ]
        ],
        "best_aic": 318.56325077489885,
        "best_regressors": null
    },
    "S1226": {
        "model_params": [
            [
                0,
                0,
                0
            ],
            [
                0,
                0,
                0,
                12
            ]
        ],
        "best_aic": -2307.4891511248916,
        "best_regressors": null
    },
    "S00112": {
        "model_params": [
            [
                0,
                1,
                1
            ],
            [
                0,
                0,
                0,
                12
            ]
        ],
        "best_aic": 429.4156076579671,
        "best_regressors": null
    },
    "S1155": {
        "model_params": [
            [
                3,
                0,
                3
            ],
            [
                0,
                0,
                0,
                12
            ]
        ],
        "best_aic": -85.58603409154185,
        "best_regressors": null
    },
    "S00108": {
        "model_params": [
            [
                3,
                1,
                1
            ],
            [
                0,
                0,
                1,
                12
            ]
        ],
        "best_aic": -332.1169851317283,
        "best_regressors": null
    },
    "S1151": {
        "model_params": [
            [
                0,
                1,
                0
            ],
            [
                0,
                0,
                0,
                12
            ]
        ],
        "best_aic": -197.17944934063507,
        "best_regressors": null
    },
    "S1132": {
        "model_params": [
            [
                0,
                0,
                0
            ],
            [
                0,
                0,
                0,
                12
            ]
        ],
        "best_aic": 462.4346856006868,
        "best_regressors": null
    },
    "S1481": {
        "model_params": [
            [
                1,
                1,
                0
            ],
            [
                0,
                0,
                0,
                12
            ]
        ],
        "best_aic": 3.005954363569062,
        "best_regressors": null
    }
}