{
    "S1213": {
        "model_params": [
            [
                1,
                1,
                0
            ],
            [
                0,
                0,
                0,
                12
            ]
        ],
        "best_aic": 792.8816066015879,
        "best_regressors": null
    },
    "RedundantThrowsDeclarationCheck": {
        "model_params": [
            [
                0,
                1,
                1
            ],
            [
                0,
                0,
                0,
                12
            ]
        ],
        "best_aic": 616.3327343770078,
        "best_regressors": null
    },
    "S00117": {
        "model_params": [
            [
                0,
                2,
                1
            ],
            [
                0,
                0,
                0,
                12
            ]
        ],
        "best_aic": 775.7316371366958,
        "best_regressors": null
    },
    "S00122": {
        "model_params": [
            [
                0,
                1,
                0
            ],
            [
                0,
                0,
                0,
                12
            ]
        ],
        "best_aic": 706.5859877726532,
        "best_regressors": null
    },
    "S1488": {
        "model_params": [
            [
                0,
                1,
                0
            ],
            [
                0,
                1,
                0,
                12
            ]
        ],
        "best_aic": 580.5794152292364,
        "best_regressors": null
    },
    "S1905": {
        "model_params": [
            [
                0,
                1,
                1
            ],
            [
                0,
                0,
                0,
                12
            ]
        ],
        "best_aic": 534.3477466399457,
        "best_regressors": null
    },
    "UselessImportCheck": {
        "model_params": [
            [
                0,
                1,
                0
            ],
            [
                0,
                1,
                0,
                12
            ]
        ],
        "best_aic": 740.7704042288478,
        "best_regressors": null
    },
    "DuplicatedBlocks": {
        "model_params": [
            [
                3,
                2,
                0
            ],
            [
                0,
                1,
                0,
                12
            ]
        ],
        "best_aic": 663.6984499555692,
        "best_regressors": null
    },
    "S1226": {
        "model_params": [
            [
                2,
                0,
                0
            ],
            [
                0,
                0,
                0,
                12
            ]
        ],
        "best_aic": 631.332109460796,
        "best_regressors": null
    },
    "S00112": {
        "model_params": [
            [
                0,
                2,
                1
            ],
            [
                0,
                0,
                0,
                12
            ]
        ],
        "best_aic": 702.8408464211607,
        "best_regressors": null
    },
    "S1155": {
        "model_params": [
            [
                2,
                0,
                0
            ],
            [
                0,
                0,
                0,
                12
            ]
        ],
        "best_aic": 575.9355287848932,
        "best_regressors": null
    },
    "S00108": {
        "model_params": [
            [
                0,
                2,
                1
            ],
            [
                0,
                0,
                0,
                12
            ]
        ],
        "best_aic": 496.1528441352105,
        "best_regressors": null
    },
    "S1151": {
        "model_params": [
            [
                1,
                2,
                1
            ],
            [
                0,
                0,
                0,
                12
            ]
        ],
        "best_aic": 734.3925344906526,
        "best_regressors": null
    },
    "S1132": {
        "model_params": [
            [
                0,
                1,
                1
            ],
            [
                0,
                1,
                0,
                12
            ]
        ],
        "best_aic": 671.588025795179,
        "best_regressors": null
    },
    "S1481": {
        "model_params": [
            [
                2,
                2,
                0
            ],
            [
                0,
                0,
                0,
                12
            ]
        ],
        "best_aic": 567.4108939705462,
        "best_regressors": null
    }
}