{
    "S1213": {
        "model_params": [
            [
                0,
                1,
                1
            ],
            [
                0,
                0,
                0,
                12
            ]
        ],
        "best_aic": 506.48390013407607,
        "best_regressors": null
    },
    "RedundantThrowsDeclarationCheck": {
        "model_params": [
            [
                0,
                1,
                0
            ],
            [
                0,
                0,
                0,
                12
            ]
        ],
        "best_aic": 469.3439479152545,
        "best_regressors": null
    },
    "S00117": {
        "model_params": [
            [
                4,
                2,
                0
            ],
            [
                0,
                0,
                0,
                12
            ]
        ],
        "best_aic": 242.26037507338856,
        "best_regressors": null
    },
    "S00122": {
        "model_params": [
            [
                0,
                1,
                0
            ],
            [
                0,
                0,
                0,
                12
            ]
        ],
        "best_aic": 735.2964790219921,
        "best_regressors": null
    },
    "S1488": {
        "model_params": [
            [
                0,
                1,
                0
            ],
            [
                0,
                0,
                0,
                12
            ]
        ],
        "best_aic": 340.671567222387,
        "best_regressors": null
    },
    "S1905": {
        "model_params": [
            [
                2,
                0,
                1
            ],
            [
                0,
                0,
                0,
                12
            ]
        ],
        "best_aic": 234.73967432014416,
        "best_regressors": null
    },
    "UselessImportCheck": {
        "model_params": [
            [
                2,
                0,
                1
            ],
            [
                0,
                0,
                0,
                12
            ]
        ],
        "best_aic": 476.1545906183633,
        "best_regressors": null
    },
    "DuplicatedBlocks": {
        "model_params": [
            [
                0,
                1,
                0
            ],
            [
                0,
                0,
                0,
                12
            ]
        ],
        "best_aic": 476.5495333688008,
        "best_regressors": null
    },
    "S1226": {
        "model_params": [
            [
                0,
                1,
                0
            ],
            [
                0,
                0,
                0,
                12
            ]
        ],
        "best_aic": 542.8939706369374,
        "best_regressors": null
    },
    "S00112": {
        "model_params": [
            [
                0,
                1,
                0
            ],
            [
                0,
                0,
                0,
                12
            ]
        ],
        "best_aic": 827.770579118378,
        "best_regressors": null
    },
    "S1155": {
        "model_params": [
            [
                1,
                0,
                0
            ],
            [
                0,
                0,
                0,
                12
            ]
        ],
        "best_aic": 256.5194249535107,
        "best_regressors": null
    },
    "S00108": {
        "model_params": [
            [
                0,
                1,
                0
            ],
            [
                0,
                0,
                0,
                12
            ]
        ],
        "best_aic": 463.3441409331143,
        "best_regressors": null
    },
    "S1151": {
        "model_params": [
            [
                0,
                1,
                0
            ],
            [
                0,
                0,
                0,
                12
            ]
        ],
        "best_aic": 259.0080444453769,
        "best_regressors": null
    },
    "S1132": {
        "model_params": [
            [
                0,
                1,
                0
            ],
            [
                0,
                0,
                0,
                12
            ]
        ],
        "best_aic": 380.32767019505303,
        "best_regressors": null
    },
    "S1481": {
        "model_params": [
            [
                0,
                1,
                0
            ],
            [
                0,
                0,
                0,
                12
            ]
        ],
        "best_aic": 277.8909693354563,
        "best_regressors": null
    }
}