{
    "S1213": {
        "model_params": [
            [
                0,
                1,
                0
            ],
            [
                0,
                0,
                0,
                12
            ]
        ],
        "best_aic": 817.312971650512,
        "best_regressors": null
    },
    "RedundantThrowsDeclarationCheck": {
        "model_params": [
            [
                0,
                0,
                0
            ],
            [
                0,
                0,
                0,
                12
            ]
        ],
        "best_aic": -3112.6321579390737,
        "best_regressors": null
    },
    "S00117": {
        "model_params": [
            [
                0,
                1,
                0
            ],
            [
                0,
                0,
                0,
                12
            ]
        ],
        "best_aic": 452.41110655497914,
        "best_regressors": null
    },
    "S00122": {
        "model_params": [
            [
                2,
                0,
                1
            ],
            [
                0,
                0,
                0,
                12
            ]
        ],
        "best_aic": 442.3638617332863,
        "best_regressors": null
    },
    "S1488": {
        "model_params": [
            [
                0,
                1,
                0
            ],
            [
                0,
                0,
                0,
                12
            ]
        ],
        "best_aic": -311.27651506924764,
        "best_regressors": null
    },
    "S1905": {
        "model_params": [
            [
                2,
                1,
                2
            ],
            [
                2,
                0,
                0,
                12
            ]
        ],
        "best_aic": -70.75991313924564,
        "best_regressors": null
    },
    "UselessImportCheck": {
        "model_params": [
            [
                0,
                1,
                0
            ],
            [
                0,
                0,
                0,
                12
            ]
        ],
        "best_aic": 689.5247111658833,
        "best_regressors": null
    },
    "DuplicatedBlocks": {
        "model_params": [
            [
                2,
                1,
                2
            ],
            [
                2,
                0,
                0,
                12
            ]
        ],
        "best_aic": 505.63148587180024,
        "best_regressors": null
    },
    "S1226": {
        "model_params": [
            [
                1,
                2,
                1
            ],
            [
                0,
                0,
                0,
                12
            ]
        ],
        "best_aic": 155.51659953055582,
        "best_regressors": null
    },
    "S00112": {
        "model_params": [
            [
                0,
                1,
                1
            ],
            [
                0,
                0,
                0,
                12
            ]
        ],
        "best_aic": 113.12889704295972,
        "best_regressors": null
    },
    "S1155": {
        "model_params": [
            [
                4,
                0,
                0
            ],
            [
                0,
                0,
                0,
                12
            ]
        ],
        "best_aic": -85.05217263655442,
        "best_regressors": null
    },
    "S00108": {
        "model_params": [
            [
                4,
                0,
                0
            ],
            [
                0,
                0,
                0,
                12
            ]
        ],
        "best_aic": 463.99543005753753,
        "best_regressors": null
    },
    "S1151": {
        "model_params": [
            [
                0,
                1,
                0
            ],
            [
                0,
                0,
                0,
                12
            ]
        ],
        "best_aic": 9.518273219061626,
        "best_regressors": null
    },
    "S1132": {
        "model_params": [
            [
                1,
                0,
                1
            ],
            [
                0,
                0,
                0,
                12
            ]
        ],
        "best_aic": -9.766712646794886,
        "best_regressors": null
    },
    "S1481": {
        "model_params": [
            [
                2,
                0,
                4
            ],
            [
                0,
                0,
                0,
                12
            ]
        ],
        "best_aic": 161.95645946031615,
        "best_regressors": null
    }
}