{
    "S1213": {
        "model_params": [
            [
                0,
                1,
                0
            ],
            [
                0,
                0,
                0,
                26
            ]
        ],
        "best_aic": 790.3538199779598,
        "best_regressors": null
    },
    "RedundantThrowsDeclarationCheck": {
        "model_params": [
            [
                0,
                1,
                0
            ],
            [
                0,
                0,
                0,
                26
            ]
        ],
        "best_aic": 1132.5288280388152,
        "best_regressors": null
    },
    "S00117": {
        "model_params": [
            [
                1,
                1,
                0
            ],
            [
                0,
                0,
                0,
                26
            ]
        ],
        "best_aic": 609.3225796630601,
        "best_regressors": null
    },
    "S00122": {
        "model_params": [
            [
                0,
                1,
                1
            ],
            [
                0,
                0,
                0,
                26
            ]
        ],
        "best_aic": 271.54748780836957,
        "best_regressors": null
    },
    "S1488": {
        "model_params": [
            [
                0,
                2,
                2
            ],
            [
                0,
                0,
                0,
                26
            ]
        ],
        "best_aic": 663.1646675992768,
        "best_regressors": null
    },
    "S1905": {
        "model_params": [
            [
                0,
                2,
                2
            ],
            [
                0,
                0,
                0,
                26
            ]
        ],
        "best_aic": 696.9033143707134,
        "best_regressors": null
    },
    "UselessImportCheck": {
        "model_params": [
            [
                0,
                1,
                0
            ],
            [
                0,
                0,
                0,
                26
            ]
        ],
        "best_aic": 849.891041898178,
        "best_regressors": null
    },
    "DuplicatedBlocks": {
        "model_params": [
            [
                0,
                1,
                0
            ],
            [
                0,
                0,
                0,
                26
            ]
        ],
        "best_aic": 1178.301945535486,
        "best_regressors": null
    },
    "S1226": {
        "model_params": [
            [
                0,
                1,
                3
            ],
            [
                0,
                0,
                0,
                26
            ]
        ],
        "best_aic": 733.4012012414871,
        "best_regressors": null
    },
    "S00112": {
        "model_params": [
            [
                3,
                2,
                0
            ],
            [
                2,
                0,
                0,
                26
            ]
        ],
        "best_aic": 815.7766781331159,
        "best_regressors": null
    },
    "S1155": {
        "model_params": [
            [
                1,
                1,
                1
            ],
            [
                0,
                0,
                0,
                26
            ]
        ],
        "best_aic": 441.1593908709089,
        "best_regressors": null
    },
    "S00108": {
        "model_params": [
            [
                1,
                1,
                0
            ],
            [
                0,
                0,
                0,
                26
            ]
        ],
        "best_aic": 292.0019851357272,
        "best_regressors": null
    },
    "S1151": {
        "model_params": [
            [
                1,
                0,
                0
            ],
            [
                0,
                0,
                1,
                26
            ]
        ],
        "best_aic": 184.31844342833156,
        "best_regressors": null
    },
    "S1132": {
        "model_params": [
            [
                0,
                1,
                0
            ],
            [
                0,
                0,
                0,
                26
            ]
        ],
        "best_aic": 764.9887676612559,
        "best_regressors": null
    },
    "S1481": {
        "model_params": [
            [
                0,
                1,
                0
            ],
            [
                0,
                0,
                0,
                26
            ]
        ],
        "best_aic": 596.4680039855081,
        "best_regressors": null
    }
}