{
    "S1213": {
        "model_params": [
            [
                2,
                0,
                1
            ],
            [
                0,
                0,
                0,
                26
            ]
        ],
        "best_aic": 449.7133067274086,
        "best_regressors": null
    },
    "RedundantThrowsDeclarationCheck": {
        "model_params": [
            [
                1,
                0,
                0
            ],
            [
                0,
                0,
                0,
                26
            ]
        ],
        "best_aic": 329.2401291828376,
        "best_regressors": null
    },
    "S00117": {
        "model_params": [
            [
                0,
                0,
                0
            ],
            [
                0,
                0,
                0,
                26
            ]
        ],
        "best_aic": -6672.211767012301,
        "best_regressors": null
    },
    "S00122": {
        "model_params": [
            [
                2,
                0,
                2
            ],
            [
                0,
                0,
                0,
                26
            ]
        ],
        "best_aic": 472.0453884051134,
        "best_regressors": null
    },
    "S1488": {
        "model_params": [
            [
                1,
                0,
                2
            ],
            [
                0,
                0,
                0,
                26
            ]
        ],
        "best_aic": -171.36240178617828,
        "best_regressors": null
    },
    "S1905": {
        "model_params": [
            [
                5,
                0,
                1
            ],
            [
                0,
                0,
                0,
                26
            ]
        ],
        "best_aic": 195.33419902199086,
        "best_regressors": null
    },
    "UselessImportCheck": {
        "model_params": [
            [
                2,
                0,
                1
            ],
            [
                0,
                0,
                0,
                26
            ]
        ],
        "best_aic": 3043.245166800649,
        "best_regressors": null
    },
    "DuplicatedBlocks": {
        "model_params": [
            [
                2,
                0,
                3
            ],
            [
                0,
                0,
                0,
                26
            ]
        ],
        "best_aic": 2328.5779737182656,
        "best_regressors": null
    },
    "S1226": {
        "model_params": [
            [
                1,
                0,
                1
            ],
            [
                0,
                0,
                0,
                26
            ]
        ],
        "best_aic": 87.27954101585038,
        "best_regressors": null
    },
    "S00112": {
        "model_params": [
            [
                3,
                0,
                1
            ],
            [
                0,
                0,
                0,
                26
            ]
        ],
        "best_aic": 1175.8015177551993,
        "best_regressors": null
    },
    "S1155": {
        "model_params": [
            [
                4,
                0,
                5
            ],
            [
                0,
                0,
                0,
                26
            ]
        ],
        "best_aic": -275.9566032284191,
        "best_regressors": null
    },
    "S00108": {
        "model_params": [
            [
                2,
                1,
                5
            ],
            [
                0,
                0,
                0,
                26
            ]
        ],
        "best_aic": 285.6614948865014,
        "best_regressors": null
    },
    "S1151": {
        "model_params": [
            [
                1,
                0,
                0
            ],
            [
                0,
                0,
                0,
                26
            ]
        ],
        "best_aic": 101.11626481855228,
        "best_regressors": null
    },
    "S1132": {
        "model_params": [
            [
                2,
                0,
                5
            ],
            [
                0,
                0,
                0,
                26
            ]
        ],
        "best_aic": 1579.4548200669929,
        "best_regressors": null
    },
    "S1481": {
        "model_params": [
            [
                4,
                0,
                0
            ],
            [
                0,
                0,
                0,
                26
            ]
        ],
        "best_aic": 695.0291541465336,
        "best_regressors": null
    }
}