{
    "S1213": {
        "model_params": [
            [
                0,
                1,
                1
            ],
            [
                0,
                0,
                0,
                26
            ]
        ],
        "best_aic": 1447.6871734597664,
        "best_regressors": null
    },
    "RedundantThrowsDeclarationCheck": {
        "model_params": [
            [
                0,
                1,
                0
            ],
            [
                0,
                0,
                0,
                26
            ]
        ],
        "best_aic": 654.3878196946571,
        "best_regressors": null
    },
    "S00117": {
        "model_params": [
            [
                2,
                0,
                1
            ],
            [
                0,
                0,
                0,
                26
            ]
        ],
        "best_aic": 1169.9336034875448,
        "best_regressors": null
    },
    "S00122": {
        "model_params": [
            [
                0,
                1,
                1
            ],
            [
                0,
                0,
                0,
                26
            ]
        ],
        "best_aic": 1553.2828540745527,
        "best_regressors": null
    },
    "S1488": {
        "model_params": [
            [
                2,
                1,
                3
            ],
            [
                0,
                0,
                0,
                26
            ]
        ],
        "best_aic": 255.22574129474566,
        "best_regressors": null
    },
    "S1905": {
        "model_params": [
            [
                1,
                1,
                0
            ],
            [
                0,
                0,
                0,
                26
            ]
        ],
        "best_aic": 424.0046216261419,
        "best_regressors": null
    },
    "UselessImportCheck": {
        "model_params": [
            [
                0,
                1,
                0
            ],
            [
                0,
                0,
                0,
                26
            ]
        ],
        "best_aic": 768.1526158616449,
        "best_regressors": null
    },
    "DuplicatedBlocks": {
        "model_params": [
            [
                1,
                0,
                3
            ],
            [
                0,
                0,
                0,
                26
            ]
        ],
        "best_aic": 1533.883475278873,
        "best_regressors": null
    },
    "S1226": {
        "model_params": [
            [
                0,
                1,
                0
            ],
            [
                0,
                0,
                0,
                26
            ]
        ],
        "best_aic": 621.6978696432924,
        "best_regressors": null
    },
    "S00112": {
        "model_params": [
            [
                0,
                1,
                2
            ],
            [
                0,
                0,
                0,
                26
            ]
        ],
        "best_aic": 1712.9713464689958,
        "best_regressors": null
    },
    "S1155": {
        "model_params": [
            [
                0,
                1,
                0
            ],
            [
                0,
                0,
                0,
                26
            ]
        ],
        "best_aic": -72.74353866196624,
        "best_regressors": null
    },
    "S00108": {
        "model_params": [
            [
                0,
                1,
                0
            ],
            [
                0,
                0,
                0,
                26
            ]
        ],
        "best_aic": 9.61773840540684,
        "best_regressors": null
    },
    "S1151": {
        "model_params": [
            [
                1,
                1,
                0
            ],
            [
                0,
                0,
                0,
                26
            ]
        ],
        "best_aic": 869.3962509426576,
        "best_regressors": null
    },
    "S1132": {
        "model_params": [
            [
                1,
                1,
                1
            ],
            [
                0,
                0,
                0,
                26
            ]
        ],
        "best_aic": 301.559885610866,
        "best_regressors": null
    },
    "S1481": {
        "model_params": [
            [
                1,
                1,
                1
            ],
            [
                0,
                0,
                0,
                26
            ]
        ],
        "best_aic": 593.2323304302747,
        "best_regressors": null
    }
}