{
    "S1213": {
        "model_params": [
            [
                1,
                1,
                0
            ],
            [
                0,
                0,
                0,
                26
            ]
        ],
        "best_aic": -2222.7515189946516,
        "best_regressors": null
    },
    "RedundantThrowsDeclarationCheck": {
        "model_params": [
            [
                1,
                1,
                0
            ],
            [
                0,
                0,
                0,
                26
            ]
        ],
        "best_aic": -1957.1884336185458,
        "best_regressors": null
    },
    "S00117": {
        "model_params": [
            [
                0,
                0,
                0
            ],
            [
                0,
                0,
                0,
                26
            ]
        ],
        "best_aic": -6142.512420424023,
        "best_regressors": null
    },
    "S00122": {
        "model_params": [
            [
                1,
                1,
                0
            ],
            [
                0,
                0,
                0,
                26
            ]
        ],
        "best_aic": -2222.7515189946516,
        "best_regressors": null
    },
    "S1488": {
        "model_params": [
            [
                0,
                0,
                0
            ],
            [
                0,
                0,
                0,
                26
            ]
        ],
        "best_aic": -6142.512420424023,
        "best_regressors": null
    },
    "S1905": {
        "model_params": [
            [
                0,
                0,
                0
            ],
            [
                0,
                0,
                0,
                26
            ]
        ],
        "best_aic": -6142.512420424023,
        "best_regressors": null
    },
    "UselessImportCheck": {
        "model_params": [
            [
                2,
                1,
                2
            ],
            [
                0,
                0,
                0,
                26
            ]
        ],
        "best_aic": -919.1181155189047,
        "best_regressors": null
    },
    "DuplicatedBlocks": {
        "model_params": [
            [
                1,
                1,
                0
            ],
            [
                0,
                0,
                0,
                26
            ]
        ],
        "best_aic": -2222.7515220288105,
        "best_regressors": null
    },
    "S1226": {
        "model_params": [
            [
                1,
                1,
                1
            ],
            [
                0,
                0,
                0,
                26
            ]
        ],
        "best_aic": -808.5693683837101,
        "best_regressors": null
    },
    "S00112": {
        "model_params": [
            [
                1,
                1,
                0
            ],
            [
                0,
                0,
                0,
                26
            ]
        ],
        "best_aic": -1822.112700068637,
        "best_regressors": null
    },
    "S1155": {
        "model_params": [
            [
                0,
                0,
                0
            ],
            [
                0,
                0,
                0,
                26
            ]
        ],
        "best_aic": -6142.512420424023,
        "best_regressors": null
    },
    "S00108": {
        "model_params": [
            [
                5,
                1,
                0
            ],
            [
                0,
                0,
                0,
                26
            ]
        ],
        "best_aic": -1546.6178415301547,
        "best_regressors": null
    },
    "S1151": {
        "model_params": [
            [
                1,
                1,
                0
            ],
            [
                0,
                0,
                0,
                26
            ]
        ],
        "best_aic": -1374.0482865723775,
        "best_regressors": null
    },
    "S1132": {
        "model_params": [
            [
                1,
                1,
                0
            ],
            [
                0,
                0,
                0,
                26
            ]
        ],
        "best_aic": -952.7559657601751,
        "best_regressors": null
    },
    "S1481": {
        "model_params": [
            [
                0,
                0,
                0
            ],
            [
                0,
                0,
                0,
                26
            ]
        ],
        "best_aic": -6142.512420424023,
        "best_regressors": null
    }
}