{
    "S1213": {
        "model_params": [
            [
                0,
                0,
                0
            ],
            [
                2,
                0,
                0,
                26
            ]
        ],
        "best_aic": 424.4266103297967,
        "best_regressors": null
    },
    "RedundantThrowsDeclarationCheck": {
        "model_params": [
            [
                0,
                2,
                0
            ],
            [
                0,
                0,
                0,
                26
            ]
        ],
        "best_aic": -2297.8343200889162,
        "best_regressors": null
    },
    "S00117": {
        "model_params": [
            [
                0,
                0,
                0
            ],
            [
                0,
                0,
                0,
                26
            ]
        ],
        "best_aic": -4871.233988612156,
        "best_regressors": null
    },
    "S00122": {
        "model_params": [
            [
                0,
                1,
                2
            ],
            [
                0,
                0,
                0,
                26
            ]
        ],
        "best_aic": -746.2789503176282,
        "best_regressors": null
    },
    "S1488": {
        "model_params": [
            [
                2,
                1,
                2
            ],
            [
                0,
                0,
                1,
                26
            ]
        ],
        "best_aic": -1070.5717470827776,
        "best_regressors": null
    },
    "S1905": {
        "model_params": [
            [
                0,
                2,
                0
            ],
            [
                0,
                0,
                0,
                26
            ]
        ],
        "best_aic": -1104.7947724829587,
        "best_regressors": null
    },
    "UselessImportCheck": {
        "model_params": [
            [
                1,
                1,
                0
            ],
            [
                0,
                0,
                0,
                26
            ]
        ],
        "best_aic": -446.8869939590671,
        "best_regressors": null
    },
    "DuplicatedBlocks": {
        "model_params": [
            [
                1,
                1,
                0
            ],
            [
                0,
                0,
                1,
                26
            ]
        ],
        "best_aic": 28.4165926237458,
        "best_regressors": null
    },
    "S1226": {
        "model_params": [
            [
                0,
                2,
                0
            ],
            [
                0,
                0,
                0,
                26
            ]
        ],
        "best_aic": -1796.870932638808,
        "best_regressors": null
    },
    "S00112": {
        "model_params": [
            [
                0,
                1,
                1
            ],
            [
                0,
                0,
                1,
                26
            ]
        ],
        "best_aic": 745.9963692682996,
        "best_regressors": null
    },
    "S1155": {
        "model_params": [
            [
                0,
                0,
                0
            ],
            [
                0,
                0,
                0,
                26
            ]
        ],
        "best_aic": -4871.233988612156,
        "best_regressors": null
    },
    "S00108": {
        "model_params": [
            [
                5,
                1,
                0
            ],
            [
                0,
                0,
                0,
                26
            ]
        ],
        "best_aic": -280.8148439950195,
        "best_regressors": null
    },
    "S1151": {
        "model_params": [
            [
                0,
                0,
                0
            ],
            [
                0,
                0,
                0,
                26
            ]
        ],
        "best_aic": -4871.233988612156,
        "best_regressors": null
    },
    "S1132": {
        "model_params": [
            [
                0,
                1,
                3
            ],
            [
                0,
                0,
                0,
                26
            ]
        ],
        "best_aic": -145.72574687106754,
        "best_regressors": null
    },
    "S1481": {
        "model_params": [
            [
                0,
                0,
                0
            ],
            [
                0,
                0,
                0,
                26
            ]
        ],
        "best_aic": -4871.233988612156,
        "best_regressors": null
    }
}