{
    "S1213": {
        "model_params": [
            [
                0,
                1,
                0
            ],
            [
                0,
                0,
                0,
                26
            ]
        ],
        "best_aic": 1210.130702989724,
        "best_regressors": null
    },
    "RedundantThrowsDeclarationCheck": {
        "model_params": [
            [
                2,
                1,
                2
            ],
            [
                0,
                0,
                0,
                26
            ]
        ],
        "best_aic": 700.9383720043763,
        "best_regressors": null
    },
    "S00117": {
        "model_params": [
            [
                0,
                1,
                0
            ],
            [
                0,
                0,
                1,
                26
            ]
        ],
        "best_aic": 8.580547234532759,
        "best_regressors": null
    },
    "S00122": {
        "model_params": [
            [
                3,
                1,
                3
            ],
            [
                0,
                0,
                0,
                26
            ]
        ],
        "best_aic": 377.04728132204036,
        "best_regressors": null
    },
    "S1488": {
        "model_params": [
            [
                0,
                1,
                0
            ],
            [
                0,
                0,
                2,
                26
            ]
        ],
        "best_aic": -45.429125487759975,
        "best_regressors": null
    },
    "S1905": {
        "model_params": [
            [
                2,
                0,
                3
            ],
            [
                0,
                0,
                0,
                26
            ]
        ],
        "best_aic": -134.5393145204983,
        "best_regressors": null
    },
    "UselessImportCheck": {
        "model_params": [
            [
                0,
                1,
                0
            ],
            [
                0,
                0,
                0,
                26
            ]
        ],
        "best_aic": 834.6386903340624,
        "best_regressors": null
    },
    "DuplicatedBlocks": {
        "model_params": [
            [
                1,
                1,
                1
            ],
            [
                0,
                0,
                1,
                26
            ]
        ],
        "best_aic": 902.396088672531,
        "best_regressors": null
    },
    "S1226": {
        "model_params": [
            [
                4,
                1,
                2
            ],
            [
                0,
                0,
                0,
                26
            ]
        ],
        "best_aic": 919.2061796891885,
        "best_regressors": null
    },
    "S00112": {
        "model_params": [
            [
                0,
                1,
                1
            ],
            [
                0,
                0,
                1,
                26
            ]
        ],
        "best_aic": 1354.7652764440666,
        "best_regressors": null
    },
    "S1155": {
        "model_params": [
            [
                1,
                0,
                0
            ],
            [
                0,
                0,
                0,
                26
            ]
        ],
        "best_aic": -264.3192135475555,
        "best_regressors": null
    },
    "S00108": {
        "model_params": [
            [
                2,
                0,
                1
            ],
            [
                0,
                0,
                0,
                26
            ]
        ],
        "best_aic": 1052.4653115721271,
        "best_regressors": null
    },
    "S1151": {
        "model_params": [
            [
                0,
                1,
                0
            ],
            [
                0,
                0,
                0,
                26
            ]
        ],
        "best_aic": 272.4402504498448,
        "best_regressors": null
    },
    "S1132": {
        "model_params": [
            [
                0,
                1,
                2
            ],
            [
                0,
                0,
                0,
                26
            ]
        ],
        "best_aic": 733.2859403053274,
        "best_regressors": null
    },
    "S1481": {
        "model_params": [
            [
                4,
                0,
                3
            ],
            [
                0,
                0,
                0,
                26
            ]
        ],
        "best_aic": 1087.2343820953342,
        "best_regressors": null
    }
}