{
    "S1213": {
        "model_params": [
            [
                4,
                0,
                3
            ],
            [
                0,
                0,
                0,
                26
            ]
        ],
        "best_aic": 495.4031623420145,
        "best_regressors": null
    },
    "RedundantThrowsDeclarationCheck": {
        "model_params": [
            [
                0,
                0,
                0
            ],
            [
                0,
                0,
                0,
                26
            ]
        ],
        "best_aic": -7159.535165873516,
        "best_regressors": null
    },
    "S00117": {
        "model_params": [
            [
                4,
                0,
                3
            ],
            [
                0,
                0,
                0,
                26
            ]
        ],
        "best_aic": 1230.463395870128,
        "best_regressors": null
    },
    "S00122": {
        "model_params": [
            [
                1,
                1,
                2
            ],
            [
                0,
                0,
                0,
                26
            ]
        ],
        "best_aic": 2227.978019991158,
        "best_regressors": null
    },
    "S1488": {
        "model_params": [
            [
                2,
                0,
                1
            ],
            [
                1,
                0,
                1,
                26
            ]
        ],
        "best_aic": -497.3835665085436,
        "best_regressors": null
    },
    "S1905": {
        "model_params": [
            [
                4,
                1,
                0
            ],
            [
                0,
                0,
                0,
                26
            ]
        ],
        "best_aic": -876.9013441529568,
        "best_regressors": null
    },
    "UselessImportCheck": {
        "model_params": [
            [
                2,
                0,
                3
            ],
            [
                0,
                0,
                0,
                26
            ]
        ],
        "best_aic": 1531.6201785985675,
        "best_regressors": null
    },
    "DuplicatedBlocks": {
        "model_params": [
            [
                4,
                0,
                1
            ],
            [
                0,
                0,
                0,
                26
            ]
        ],
        "best_aic": 242.3189162730519,
        "best_regressors": null
    },
    "S1226": {
        "model_params": [
            [
                3,
                0,
                5
            ],
            [
                0,
                0,
                0,
                26
            ]
        ],
        "best_aic": 900.7419704583641,
        "best_regressors": null
    },
    "S00112": {
        "model_params": [
            [
                2,
                0,
                1
            ],
            [
                0,
                0,
                0,
                26
            ]
        ],
        "best_aic": 1377.999559443589,
        "best_regressors": null
    },
    "S1155": {
        "model_params": [
            [
                1,
                0,
                1
            ],
            [
                0,
                0,
                0,
                26
            ]
        ],
        "best_aic": -488.9273009078653,
        "best_regressors": null
    },
    "S00108": {
        "model_params": [
            [
                2,
                0,
                4
            ],
            [
                0,
                0,
                0,
                26
            ]
        ],
        "best_aic": 255.51421211998067,
        "best_regressors": null
    },
    "S1151": {
        "model_params": [
            [
                1,
                0,
                2
            ],
            [
                1,
                0,
                0,
                26
            ]
        ],
        "best_aic": 169.08676826385144,
        "best_regressors": null
    },
    "S1132": {
        "model_params": [
            [
                2,
                0,
                1
            ],
            [
                1,
                0,
                0,
                26
            ]
        ],
        "best_aic": 902.6470043370329,
        "best_regressors": null
    },
    "S1481": {
        "model_params": [
            [
                5,
                1,
                3
            ],
            [
                2,
                0,
                0,
                26
            ]
        ],
        "best_aic": -181.50627320395913,
        "best_regressors": null
    }
}