{
    "S1213": {
        "model_params": [
            [
                0,
                1,
                0
            ],
            [
                0,
                0,
                0,
                26
            ]
        ],
        "best_aic": 2315.9675233461503,
        "best_regressors": null
    },
    "RedundantThrowsDeclarationCheck": {
        "model_params": [
            [
                1,
                1,
                1
            ],
            [
                0,
                0,
                0,
                26
            ]
        ],
        "best_aic": 2007.8214146583487,
        "best_regressors": null
    },
    "S00117": {
        "model_params": [
            [
                2,
                1,
                2
            ],
            [
                0,
                0,
                0,
                26
            ]
        ],
        "best_aic": 2482.9179752541604,
        "best_regressors": null
    },
    "S00122": {
        "model_params": [
            [
                0,
                1,
                1
            ],
            [
                0,
                0,
                0,
                26
            ]
        ],
        "best_aic": 169.52716327204922,
        "best_regressors": null
    },
    "S1488": {
        "model_params": [
            [
                1,
                1,
                5
            ],
            [
                0,
                0,
                0,
                26
            ]
        ],
        "best_aic": 1172.9346619778487,
        "best_regressors": null
    },
    "S1905": {
        "model_params": [
            [
                0,
                1,
                1
            ],
            [
                0,
                0,
                0,
                26
            ]
        ],
        "best_aic": 1317.8364388149678,
        "best_regressors": null
    },
    "UselessImportCheck": {
        "model_params": [
            [
                2,
                1,
                2
            ],
            [
                0,
                0,
                1,
                26
            ]
        ],
        "best_aic": 2805.7184670711704,
        "best_regressors": null
    },
    "DuplicatedBlocks": {
        "model_params": [
            [
                2,
                1,
                2
            ],
            [
                0,
                0,
                1,
                26
            ]
        ],
        "best_aic": 2121.0864435850026,
        "best_regressors": null
    },
    "S1226": {
        "model_params": [
            [
                0,
                1,
                1
            ],
            [
                0,
                0,
                0,
                26
            ]
        ],
        "best_aic": 1116.0699235509533,
        "best_regressors": null
    },
    "S00112": {
        "model_params": [
            [
                2,
                1,
                2
            ],
            [
                0,
                0,
                0,
                26
            ]
        ],
        "best_aic": 1704.5770837103937,
        "best_regressors": null
    },
    "S1155": {
        "model_params": [
            [
                0,
                1,
                0
            ],
            [
                0,
                0,
                0,
                26
            ]
        ],
        "best_aic": 659.6081684514684,
        "best_regressors": null
    },
    "S00108": {
        "model_params": [
            [
                0,
                1,
                1
            ],
            [
                0,
                0,
                0,
                26
            ]
        ],
        "best_aic": 1620.475238808062,
        "best_regressors": null
    },
    "S1151": {
        "model_params": [
            [
                1,
                1,
                3
            ],
            [
                0,
                0,
                0,
                26
            ]
        ],
        "best_aic": 1554.1382291077402,
        "best_regressors": null
    },
    "S1132": {
        "model_params": [
            [
                0,
                1,
                1
            ],
            [
                0,
                0,
                0,
                26
            ]
        ],
        "best_aic": 1504.8990530012088,
        "best_regressors": null
    },
    "S1481": {
        "model_params": [
            [
                2,
                1,
                2
            ],
            [
                0,
                0,
                0,
                26
            ]
        ],
        "best_aic": 1623.4499180293715,
        "best_regressors": null
    }
}