{
    "S1213": {
        "model_params": [
            [
                1,
                1,
                0
            ],
            [
                0,
                0,
                0,
                26
            ]
        ],
        "best_aic": 731.8656604023691,
        "best_regressors": null
    },
    "RedundantThrowsDeclarationCheck": {
        "model_params": [
            [
                0,
                1,
                1
            ],
            [
                0,
                0,
                0,
                26
            ]
        ],
        "best_aic": 116.3148301761695,
        "best_regressors": null
    },
    "S00117": {
        "model_params": [
            [
                0,
                1,
                1
            ],
            [
                0,
                0,
                0,
                26
            ]
        ],
        "best_aic": 136.85922701336492,
        "best_regressors": null
    },
    "S00122": {
        "model_params": [
            [
                3,
                0,
                0
            ],
            [
                0,
                0,
                0,
                26
            ]
        ],
        "best_aic": -839.493849044675,
        "best_regressors": null
    },
    "S1488": {
        "model_params": [
            [
                1,
                1,
                0
            ],
            [
                0,
                0,
                0,
                26
            ]
        ],
        "best_aic": 1297.8783928343078,
        "best_regressors": null
    },
    "S1905": {
        "model_params": [
            [
                0,
                1,
                1
            ],
            [
                0,
                0,
                0,
                26
            ]
        ],
        "best_aic": -732.3525911632187,
        "best_regressors": null
    },
    "UselessImportCheck": {
        "model_params": [
            [
                1,
                1,
                1
            ],
            [
                0,
                0,
                0,
                26
            ]
        ],
        "best_aic": 1389.8542156333629,
        "best_regressors": null
    },
    "DuplicatedBlocks": {
        "model_params": [
            [
                0,
                1,
                0
            ],
            [
                0,
                0,
                0,
                26
            ]
        ],
        "best_aic": 672.9540909969053,
        "best_regressors": null
    },
    "S1226": {
        "model_params": [
            [
                1,
                1,
                0
            ],
            [
                0,
                0,
                0,
                26
            ]
        ],
        "best_aic": 1339.6039681230463,
        "best_regressors": null
    },
    "S00112": {
        "model_params": [
            [
                1,
                1,
                0
            ],
            [
                0,
                0,
                0,
                26
            ]
        ],
        "best_aic": 1064.21512493521,
        "best_regressors": null
    },
    "S1155": {
        "model_params": [
            [
                2,
                0,
                4
            ],
            [
                0,
                0,
                0,
                26
            ]
        ],
        "best_aic": -17.75447725638901,
        "best_regressors": null
    },
    "S00108": {
        "model_params": [
            [
                2,
                1,
                0
            ],
            [
                0,
                0,
                0,
                26
            ]
        ],
        "best_aic": 13.440899969544233,
        "best_regressors": null
    },
    "S1151": {
        "model_params": [
            [
                0,
                1,
                1
            ],
            [
                0,
                0,
                0,
                26
            ]
        ],
        "best_aic": -272.48786492530553,
        "best_regressors": null
    },
    "S1132": {
        "model_params": [
            [
                1,
                0,
                2
            ],
            [
                0,
                0,
                0,
                26
            ]
        ],
        "best_aic": 451.520176570092,
        "best_regressors": null
    },
    "S1481": {
        "model_params": [
            [
                0,
                1,
                0
            ],
            [
                0,
                0,
                0,
                26
            ]
        ],
        "best_aic": 357.63509286493803,
        "best_regressors": null
    }
}